City_id,City,Lat,Lon
0,Madrid,40.4165,-3.70256
1,Barcelona,41.38879,2.15899
2,Valencia,39.46975,-0.37739
3,Sevilla,37.38283,-5.97317
4,Santa Cruz de Tenerife,28.46824,-16.25462
5,palma,39.56939,2.65024
6,Las Palmas de Gran Canaria,28.09973,-15.41343
7,Valladolid,41.65518,-4.72372
8,Pamplona,42.81687,-1.64323
9,Oviedo,43.36029,-5.84476
10,Logroño,42.46667,-2.45
11,Santiago de Compostela,42.88052,-8.54569
12,Santander,43.46472,-3.80444
13,Zaragoza,41.65606,-0.87734
14,Torrevieja,37.97872,-0.68222
15,Toledo,39.8581,-4.02263
16,La Laguna,28.4853,-16.32014
17,Cadiz,36.52672,-6.2891
18,Badajoz,38.91611,-6.34366
19,Almería,36.83814,-2.45974
20,Alicante,38.34517,-0.48149
21,Algeciras,36.13326,-5.45051
22,Albacete,38.99424,-1.85643
23,Huelva,37.26638,-6.94004
24,Granada,37.18817,-3.60667
25,Elche,38.26218,-0.70107
26,Córdoba,37.89155,-4.77275
27,Castelló de la Plana,39.98567,-0.04935
28,Cartagena,37.60512,-0.98623
29,Murcia,37.98704,-1.13004
30,Melilla,35.29369,-2.93833
31,Marbella,36.51543,-4.88583
32,Málaga,36.72016,-4.42034
33,Jerez de la Frontera,36.68645,-6.13606
34,Jaén,37.76922,-3.79028
35,Ceuta,35.88919,-5.32042
36,Vigo,42.23282,-8.72264
37,Terrassa,41.55876,2.01818
38,Tarragona,41.11667,1.25
39,Ourense,42.33669,-7.86407
40,Mataró,41.54211,2.4445
41,Lleida,41.61674,0.62218
42,León,42.60003,-5.57032
43,A Coruña,42.88052,-8.54569
44,Gijón,43.53573,-5.66152
45,Getafe,40.30571,-3.73295
46,Burgos,42.34106,-3.70184
47,bilbao,43.26271,-2.92528
48,badalona,41.45004,2.24741
49,Avilés,43.56667,-5.93333
50,Alcalá de Henares,40.48205,-3.35996
51,Donostia / San Sebastián,43.31283,-1.97499
52,Salamanca,40.96882,-5.66388
53,Gasteiz / Vitoria,42.84998,-2.67268
54,Telde,27.99243,-15.41915
55,Cáceres,39.47649,-6.37224
56,Benidorm,38.53816,-0.13098
57,Arona,28.09962,-16.68102
58,Alcoy,38.70545,-0.47432
59,Gandia,38.96667,-0.18333
60,Dos Hermanas,37.28287,-5.92088
61,Ciudad Real,38.98626,-3.92907
62,Molina de Segura,38.05456,-1.20763
63,Mérida,38.91611,-6.34366
64,Lorca,37.67119,-1.7017
65,"Orotava, La",28.31932,-16.54762
66,Cuenca,40.06667,-2.13333
67,Coslada,40.42378,-3.56129
68,Teruel,40.3456,-1.10646
69,soria,41.76401,-2.46883
70,Pozuelo de Alarcón,40.43293,-3.81338
71,Pontevedra,42.431,-8.64435
72,Ponferrada,42.54664,-6.59619
73,Parla,40.23604,-3.76752
74,Palencia,42.00955,-4.52406
75,Móstoles,40.32234,-3.86496
76,Manresa,41.72405,1.8227
77,Lugo,43.00992,-7.55602
78,Leganés,40.32718,-3.7635
79,irun,43.31864,-1.77373
80,Huesca,42.13615,-0.4087
81,Guadalajara,40.62862,-3.16185
82,Granollers,41.60748,2.28481
83,Girona,41.98311,2.82493
84,Fuenlabrada,40.28419,-3.79415
85,Ferrol,43.48961,-8.2194
86,Ávila,40.65724,-4.69951
87,Algorta,43.34927,-3.0094
88,Alcorcón,40.34582,-3.82487
89,Alcobendas,40.54746,-3.64197
90,Segovia,40.94808,-4.11839
91,Barakaldo,43.29639,-2.98813
92,Santa Coloma de Gramenet,41.45251,2.2116
93,San Sebastián de los Reyes,40.55555,-3.62733
94,Sant Cugat del Vallès,41.47063,2.08611
95,Sama,43.29568,-5.68416
96,Sabadell,41.54329,2.10942
97,Reus,41.15612,1.10687
98,Zamora,41.50633,-5.74456
99,Talavera de la reina,39.96348,-4.83076
100,Tacoronte,28.47688,-16.41016
101,Santa Cruz de la Palma,28.70597,-17.79415
102,Sanlúcar de Barrameda,36.79244,-6.31457
103,San Fernando,36.4759,-6.19817
104,San Bartolomé de Tirajana,27.82506,-15.58081
105,Sagunto,39.68333,-0.26667
106,Roquetas de Mar,36.76419,-2.61475
107,Benalmádena,36.5961,-4.57267
108,Arucas,28.11983,-15.52325
109,Adeje,28.12271,-16.726
110,Granadilla de Abona,28.11882,-16.57599
111,Gáldar,28.14701,-15.6502
112,Estepona,36.42764,-5.14589
113,"Puerto de Santa María, El",36.6126,-6.22965
114,El Ejido,36.77629,-2.81456
115,Calvià,39.5657,2.50621
116,Orihuela,38.08483,-0.94401
117,Mijas,36.59575,-4.63728
118,Maó,39.88853,4.26583
119,"Oliva, La",28.68818,-13.92263
120,"Línea de la Concepción, La",36.18299,-5.3467
121,Cornellà de Llobregat,41.35633,2.07567
122,Ciudad Lineal,40.43928,-3.64998
123,Cangas de Onís,43.3514,-5.12916
124,Cangas del Narcea,43.18333,-6.55
125,Valdemoro,40.19081,-3.67887
126,Torrelavega,43.34458,-4.0511
127,Torrejón de Ardoz,40.45535,-3.46973
128,Pola de Lena,43.16089,-5.82878
129,Pola de Laviana,43.24538,-5.5629
130,Pola de Allande,43.27307,-6.62152
131,Majadahonda,40.47353,-3.87182
132,Luanco,43.61517,-5.79344
133,Llanes,43.41982,-4.75485
134,Las Rozas de Madrid,40.52673,-3.903
135,Lalín,42.71667,-8.11667
136,l'Hospitalet de Llobregat,41.36578,2.11172
137,el Prat de Llobregat,41.31781,2.09609
138,Aranjuez,40.03108,-3.60246
139,Ribadesella,43.46145,-5.05955
140,Villaviciosa,43.48126,-5.43574
141,Eixample,41.39165,2.16451
142,Villarrobledo,39.26992,-2.60119
143,Vila-real,39.93009,-0.1276
144,Vélez-Málaga,36.78107,-4.10266
145,Úbeda,38.01328,-3.3705
146,Torremolinos,36.62035,-4.49976
147,Teror,28.06062,-15.54909
148,San Vicent del Raspeig,38.3964,-0.5255
149,Santa Brígida,28.03197,-15.50425
150,San Sebastián de la Gomera,28.08831,-17.15241
151,San Pedro de Alcántara,36.48839,-4.99123
152,Puertollano,38.68712,-4.10734
153,Puerto del Rosario,28.50038,-13.86272
154,Arrecife,28.96302,-13.54769
155,Almuñécar,36.73393,-3.69072
156,Alhama de Murcia,37.85103,-1.42507
157,Alzira,39.15,-0.43333
158,Alcalá de Guadaira,37.33791,-5.83951
159,Agaete,28.10023,-15.69998
160,Hermigua,28.16766,-17.19051
161,Fuengirola,36.53998,-4.62473
162,Elda,38.47783,-0.79157
163,Écija,37.5422,-5.0826
164,Cuevas del Almanzora,37.30148,-1.78345
165,Crevillente,38.23031,-0.81508
166,Chiclana de la Frontera,36.41976,-6.14367
167,Calp,38.6447,0.0445
168,Motril,36.75066,-3.5179
169,Maspalomas,27.76056,-15.58602
170,Linares,38.09519,-3.63602
171,Ingenio,27.91855,-15.43433
172,Huércal-Overa,37.38918,-1.943
173,Nou Barris,41.44627,2.17508
174,Eibar,43.18493,-2.47158
175,Cudillero,43.56217,-6.14589
176,Colunga,43.48531,-5.27009
177,Collado Villalba,40.64297,-3.99052
178,Coaña,43.51392,-6.75527
179,Chamartín,40.70267,-4.95769
180,Celanova,42.15303,-7.95513
181,Castro Caldelas,42.37366,-7.42578
182,Castrillón,43.54793,-5.99381
183,Candás,43.58922,-5.76735
184,Campo de Caso,43.1831,-5.34476
185,Cambrils,41.07613,1.04832
186,Viladecans,41.30826,2.02765
187,Vic,41.93012,2.25486
188,Verín,41.94149,-7.43809
189,el Vendrell,41.20657,1.52882
190,Tortosa,40.81249,0.5216
191,Tetuán de las Victorias,40.45975,-3.6975
192,Tapia de Casariego,43.57019,-6.94383
193,Sotrondio,43.2757,-5.6049
194,Soto del Barco,43.53288,-6.06984
195,Sitges,41.23506,1.81193
196,Silleda,42.69605,-8.24653
197,la Seu d'Urgell,42.35757,1.47623
198,Pola de Siero,43.39228,-5.66335
199,Plasencia,40.03116,-6.08845
200,Pereiro de Aguiar,42.34524,-7.80008
201,Oza de los Ríos,43.21667,-8.18333
202,Nogueira de Ramuín,42.41712,-7.74982
203,Narón,43.50175,-8.19082
204,Moreda,37.43937,-3.33018
205,Moratalaz,40.40662,-3.64134
206,Mollet del Vallès,41.55222,2.20901
207,Miranda de Ebro,42.6865,-2.94695
208,Infiesto,43.34821,-5.36407
209,Illas,43.49819,-5.96855
210,Igualada,41.5876,1.61411
211,Hortaleza,40.48209,-3.63779
212,Grandas de Salime,43.21554,-6.8757
213,Gràcia,41.41018,2.15242
214,Figueres,42.26645,2.96163
215,Esplugues de Llobregat,41.37674,2.08637
216,El Franco,43.55522,-6.8662
217,Boborás,42.43332,-8.14431
218,Boal,43.432,-6.81513
219,Les Arriondes,43.38997,-5.18652
220,Arbo,42.11667,-8.31667
221,Allariz,42.19044,-7.80175
222,Cerdanyola del Vallès,41.48569,2.12171
223,San Vicente de la Barquera,43.38509,-4.39934
224,San Martín de Elines,42.82864,-3.86865
225,Sant Joan Despí,41.36687,2.05601
226,Sant Boi de Llobregat,41.3375,2.04439
227,Sant Andreu,41.43509,2.19333
228,Sant Adrià de Besòs,41.42992,2.22035
229,Salou,41.0787,1.152
230,Salas,43.4118,-6.26023
231,Puente de Vallecas,40.38355,-3.65981
232,Villaverde,40.34252,-3.69504
233,Vilanova i la Geltrú,41.22231,1.72176
234,Moncloa-Aravaca,40.43547,-3.7317
235,Sarrià-Sant Gervasi,41.4128,2.10614
236,Horta-Guinardó,41.42917,2.15055
237,Sants-Montjuïc,41.34998,2.14495
238,Sant Martí,41.40764,2.20124
239,Ciutat Vella,41.38087,2.18107
240,Arganzuela,40.39801,-3.6968
241,San Blas-Canillejas,40.43893,-3.61537
242,Latina,40.38521,-3.77872
243,Usera,40.37594,-3.70305
244,Salamanca,40.96882,-5.66388
245,Chamberí,40.43755,-3.70353
246,Carabanchel,40.37887,-3.73709
247,Madrid Centro,40.41831,-3.70275
248,retiro,40.41317,-3.68307
249,Fuencarral-El Pardo,40.4984,-3.7314
250,Yecla,38.61365,-1.11468
251,Yaiza,28.95678,-13.76535
252,Villena,38.6373,-0.86568
253,Villanueva de la Serena,38.97655,-5.7974
254,Vícar,36.83155,-2.64273
255,Velez Rubio,37.59485,-2.05476
256,Vejer de la Frontera,36.25213,-5.96717
257,Vega de San Mateo,28.00892,-15.5333
258,Valsequillo de Gran Canaria,27.98562,-15.49725
259,Vallehermosa,28.17944,-17.26664
260,Utrera,37.18516,-5.78093
261,Utiel,39.56667,-1.2
262,Torre-Pacheco,37.79396,-0.95593
263,Torrent,39.43705,-0.46546
264,Torre del Mar,36.742,-4.09291
265,Tomelloso,39.22478,-2.98015
266,Tegueste,28.51667,-16.31667
267,Tarifa,36.01393,-5.60695
268,Sóller,39.76623,2.71521
269,Santiago del Teide,28.294,-16.81618
270,Santa Úrsula,28.42613,-16.48876
271,Santa Pola,38.19165,-0.5658
272,Santa Lucía,27.91174,-15.54071
273,Santa Eulària des Riu,38.98457,1.53409
274,Sant Lluís,39.84939,4.25819
275,Sant Antoni de Portmany,38.98068,1.30362
276,rota,36.65061,-6.35153
277,Ronda,36.74231,-5.16709
278,Rincón de la Victoria,36.71715,-4.27583
279,Requena,39.48834,-1.10044
280,Pulpí,37.3645,-1.66723
281,Puerto Real,36.52819,-6.19011
282,Puerto de la Cruz,28.41397,-16.54867
283,Puente Genil,37.40599,-4.75737
284,Priego de Córdoba,37.43807,-4.19523
285,Polop,38.62258,-0.1309
286,Pinoso,38.40164,-1.04196
287,Pilar de la Horadada,37.86591,-0.79256
288,Calasparra,38.22997,-1.69986
289,Burriana,39.88901,-0.08499
290,Buñol,39.42402,-0.86908
291,Bullas,38.04667,-1.67227
292,Berja,36.84693,-2.94966
293,Barbate,36.19228,-5.9427
294,Ayamonte,37.21329,-7.40807
295,Atamaría,37.59989,-0.80682
296,Aspe,38.34511,-0.76721
297,Arcos de la Frontera,36.75075,-5.81056
298,Antigua,28.42307,-14.01379
299,Antequera,37.01938,-4.56123
300,Andújar,38.03922,-4.05077
301,Alora,36.83668,-4.70378
302,Almoradí,38.09719,-0.79365
303,Almonte,37.2647,-6.51667
304,Almendralejo,38.68316,-6.40747
305,Almassora,39.94729,-0.06313
306,almansa,38.86917,-1.09713
307,Alhaurín de la Torre,36.67188,-4.56797
308,Algemesí,39.19042,-0.43572
309,Aldaia,39.46569,-0.46005
310,Alcúdia,39.85316,3.12138
311,Alcázar de San Juan,39.39011,-3.20827
312,Alboraya,39.5,-0.35
313,Alaquàs,39.45568,-0.461
314,Agüimes,27.90539,-15.44609
315,Águilas,37.4063,-1.58289
316,Abarán,38.25343,-1.32133
317,Hellín,38.5106,-1.70096
318,Guía de Isora,28.21154,-16.77947
319,Guadix,37.29932,-3.13922
320,Gibraleón,37.37628,-6.96895
321,Firgas,28.10711,-15.56299
322,El Paso,28.65007,-17.88274
323,Don Benito,38.95627,-5.86162
324,Denia,38.82771,0.06777
325,Corralejo,28.73079,-13.86749
326,Coria del Río,37.28766,-6.0541
327,Conil de la Frontera,36.27719,-6.0885
328,Cocentaina,38.73975,-0.43976
329,Cieza,38.23998,-1.41987
330,Xirivella,39.46608,-0.42787
331,Chipiona,36.73663,-6.43703
332,Cehegín,38.05096,-1.74222
333,Castellar de la Frontera,36.31736,-5.45407
334,Carmona,37.47125,-5.64608
335,Candelaria,28.3548,-16.37268
336,Campiña,38.21896,-2.98069
337,El Campello,38.46546,-0.36398
338,Camas,37.40202,-6.03314
339,Paterna,39.50263,-0.44079
340,Palos de la Frontera,37.19345,-6.89181
341,Palma del Río,37.66448,-5.32187
342,Órgiva,36.86643,-3.38416
343,Onda,39.96495,-0.26041
344,Nerja,36.75278,-3.8744
345,Muro del Alcoy,38.7812,-0.43608
346,Moya,28.11106,-15.58285
347,Morón de la Frontera,37.12084,-5.45403
348,Montilla,37.58627,-4.63805
349,Monóvar,38.43809,-0.84062
350,Monforte del Cid,38.38027,-0.7285
351,Moguer,37.27559,-6.83851
352,Mislata,39.47523,-0.41825
353,Miguelturra,39.08441,-3.96006
354,Medina-Sidonia,36.39688,-5.8675
355,Mazarrón,37.5992,-1.31493
356,Marratxí,39.62142,2.7253
357,Manacor,39.56964,3.20955
358,Mairena del Aljarafe,37.34461,-6.06391
359,Puerto Lumbreras,37.5541,-1.80713
360,Los Silos,28.3661,-16.81552
361,"Palacios y Villafranca, Los",37.15682,-5.91361
362,"Montesinos, Los",38.03047,-0.75255
363,"Llanos de Aridane, Los",28.61464,-17.90084
364,"Barrios, Los",36.21845,-5.53671
365,Llucmajor,39.49093,2.89108
366,Lepe,37.25482,-7.20433
367,Lebrija,36.92077,-6.07529
368,"Victoria de Acentejo, La",28.42288,-16.45572
369,La Unión,37.61915,-0.87799
370,Laujar de Andarax,37.00886,-2.9031
371,"Roda, La",39.18041,-2.19224
372,"Rinconada, La",37.47948,-5.91013
373,"Palma del Condado, La",37.4035,-6.55666
374,La Matanza de Acentejo,28.45242,-16.4472
375,La Carlota,37.67359,-4.93122
376,Jumilla,38.47917,-1.325
377,Jimena de la Frontera,36.43517,-5.45387
378,Jerez de los Caballeros,38.32063,-6.7726
379,Javea,38.76439,0.19166
380,Xàtiva,38.99042,-0.51852
381,Jalón,38.72159,-0.0366
382,Inca,39.7211,2.91093
383,Icod de los Vinos,28.37241,-16.71188
384,Ibiza,38.90883,1.43296
385,Ibi,38.62533,-0.57225
386,Santa Ponsa,39.50868,2.4766
387,Puerto del Carmen,28.92313,-13.66579
388,"Barco de Ávila, El",40.3618,-5.52063
389,El Astillero,43.40251,-3.82751
390,Ejea de los Caballeros,42.12632,-1.13716
391,Culleredo,43.28788,-8.38858
392,Cornellana,43.41384,-6.15914
393,Colmenar Viejo,40.65909,-3.76762
394,Coles,42.4,-7.83333
395,Ciudad Rodrigo,40.6,-6.53333
396,Ciutadella,40.00112,3.84144
397,Cesuras,43.17282,-8.20061
398,Cee,42.95466,-9.188
399,Castro-Urdiales,43.38285,-3.22043
400,Castelldefels,41.27794,1.97033
401,Castandiello,43.27962,-5.89201
402,Cartelle,42.25109,-8.07062
403,Carballo,43.213,-8.69104
404,"Carballiño, O",42.44214,-8.08081
405,Carballeda de Avia,42.3214,-8.16456
406,Campomanes,38.97954,-6.19328
407,Camargo,43.42054,-3.85983
408,Calvos,41.9479,-7.89604
409,Calella,41.61381,2.65423
410,Calatayud,41.35353,-1.64318
411,Calahorra,42.30506,-1.96521
412,Cabezón de la Sal,43.30824,-4.23571
413,Vilafranca del Penedès,41.34618,1.69713
414,Vilanova del Camí,41.56251,1.63351
415,Vielha,42.68462,0.77263
416,Vegadeo,43.46834,-7.0539
417,Valls,41.28612,1.24993
418,Vallgorguina,41.64822,2.50996
419,Rivas-Vaciamadrid,40.35109,-3.51701
420,Torelló,42.04145,2.26102
421,Teo,42.75,-8.5
422,Tarazona,39.25,-1.91667
423,Sestao,43.30975,-3.00716
424,Portugalete,43.32099,-3.02064
425,Pinto,40.24147,-3.69999
426,Pineda de Mar,41.62763,2.6889
427,Peníscola,40.3359,0.36126
428,Parets del Vallès,41.56417,2.23525
429,Palamós,41.84843,3.12912
430,Palafrugell,41.91738,3.1631
431,Orkoien,42.82869,-1.70231
432,Olot,42.18096,2.49012
433,Olesa de Montserrat,41.55205,1.91005
434,Oleiros,43.33333,-8.31667
435,Noreña,43.39364,-5.70662
436,Navalcarnero,40.28908,-4.01197
437,Muros,42.77617,-9.06032
438,Mugia,43.10414,-9.21791
439,Montederramo,42.27554,-7.50138
440,Arrasate / Mondragón,43.07452,-2.48415
441,Montcada i Reixac,41.49539,2.18386
442,Molins de Rei,41.42348,2.04057
443,Moaña,42.27807,-8.73921
444,Medín,42.98333,-8.26667
445,Martorell,41.47402,1.93062
446,Manzaneda,42.30962,-7.23209
447,Manlleu,42.00228,2.28476
448,Mandiá,43.53333,-8.23333
449,Lugones,43.40272,-5.81215
450,"Corrales de Buelna, Los",43.26315,-4.08442
451,Lloret de Mar,41.69993,2.84565
452,Laudio / Llodio,43.14391,-2.9739
453,Leioa,43.32719,-2.98138
454,Laredo,43.4098,-3.41613
455,Laracha,43.25375,-8.58535
456,Jaca,42.56898,-0.54987
457,Illano,43.33385,-6.8656
458,Hernani,43.23878,-1.94426
459,Güeñes,43.22031,-3.05073
460,Getxo,43.35553,-3.01569
461,O Grove,42.49444,-8.86502
462,Graus,42.18885,0.33749
463,Grado,43.3134,-6.09978
464,Galdakao,43.23073,-2.8429
465,Galapagar,40.5783,-4.00426
466,Estella - Lizarra,42.67182,-2.03226
467,Entrena,42.38782,-2.53066
468,El Escorial,40.59144,-4.14738
469,Boadilla del Monte,40.405,-3.87835
470,Blanes,41.67419,2.79036
471,Bimenes,43.32051,-5.55875
472,Betanzos,43.28042,-8.21467
473,Berga,42.10306,1.8433
474,Benicarló,40.4165,0.42709
475,Belchite,41.33045,-0.78518
476,Bárzana,43.15742,-5.97345
477,Barbastro,42.03565,0.12686
478,Baralla,42.93208,-7.23864
479,Banyoles,42.11667,2.76667
480,Balaguer,41.79117,0.81094
481,Azuqueca de Henares,40.56566,-3.26753
482,Azpeitia,43.18246,-2.26693
483,Ayerbe,42.23761,-0.7069
484,Astorga,42.45879,-6.05601
485,Arroyomolinos,40.28623,-3.9202
486,Arganda,42.64367,-6.68363
487,Arenys de Mar,41.58066,2.55023
488,Araia,42.89345,-2.31314
489,Aranda de Duero,41.67041,-3.6892
490,Amurrio,43.05,-3.0
491,Amposta,40.70995,0.57856
492,Amés,42.90426,-8.65551
493,Almazán,41.48648,-2.53088
494,Alcañiz,41.05,-0.13333
495,Albocàsser,40.3954,0.0315
496,Sant Vicenç dels Horts,41.39317,2.00689
497,Santa Marta de Ortigueira,43.68333,-7.85
498,Barberà del Vallès,41.51736,2.13201
499,Santa Uxía de Ribeira,42.54212,-9.01773
500,Santa Coloma de Farners,41.86667,2.66667
501,Santa Coloma de Cervelló,41.36736,2.01426
502,Sant Quirze del Vallès,41.53333,2.08333
503,Sant Pere de Ribes,41.25782,1.77335
504,Premià de Dalt,41.50282,2.34808
505,San Martín de la Vega,40.20735,-3.57063
506,San Lorenzo de El Escorial,40.59144,-4.14738
507,Sangüesa/Zangoza,42.57483,-1.28283
508,Sanxenxo,42.39996,-8.80698
509,San Fernando de Henares,40.42386,-3.53261
510,Sant Feliu de Llobregat,41.38333,2.05
511,Sant Feliu de Guíxols,41.78333,3.03333
512,San Andrés del Rabanedo,42.62471,-5.67547
513,Sant Andreu de la Barca,41.44982,1.96565
514,San Amaro,42.37385,-8.07347
515,Salt,41.97489,2.79281
516,Sahagún,42.37085,-5.02942
517,Sabiñánigo,42.48348,-0.32919
518,Rubí,41.49226,2.03305
519,Roses,42.26199,3.17689
520,Roade,43.05,-7.96667
521,Ripollet,41.49686,2.15739
522,Ripoll,42.19928,2.18817
523,Ribadavia,42.28804,-8.14362
524,Errenteria,43.31253,-1.89873
525,Redondela,42.2829,-8.61131
526,Ramales de la Victoria,43.2572,-3.46516
527,Puente la Reina,42.67291,-1.81412
528,Aínsa,42.41547,0.14008
529,Abegondo,43.21667,-8.28333
530,Zumarraga,43.08858,-2.31408
531,Villaviciosa de Odón,40.3581,-3.9043
532,Vilalba,43.29806,-7.6813
533,"Realejos, Los",28.38198,-16.59104
534,Santutxu,43.25347,-2.9161
535,Les Corts,41.387,2.11823
536,Barri Gòtic,41.38364,2.17628
537,Tres Cantos,40.60092,-3.70806
538,Zújar,37.57208,-2.84714
539,Zubia,37.11906,-3.584
540,Zorita,39.28522,-5.69973
541,Zahinos,38.3282,-6.98567
542,Zahara de los Atunes,36.1369,-5.84591
543,Zafra,38.42539,-6.41734
544,Yeste,38.36852,-2.31756
545,Yepes,39.90199,-3.62517
546,Villaviciosa de Córdoba,38.07404,-5.01526
547,Villasequilla de Yepes,39.87582,-3.7311
548,Villarrubia,37.85,-4.9
549,Villargordo,39.53333,-1.43333
550,Villanueva del Rosario,36.99679,-4.36535
551,Villanueva de la Reina,38.16076,-3.88475
552,Villanueva de la Jara,39.43333,-1.93333
553,Villanueva de Castellón,39.07668,-0.51803
554,Villajoyosa,38.50754,-0.23346
555,Villafranca de los Barros,38.56144,-6.3381
556,Vilafranca de Bonany,39.56894,3.08815
557,Villa de Don Fadrique,39.61505,-3.21915
558,Villacarrillo,38.1156,-3.0848
559,Vilches,38.20695,-3.51025
560,Vilaflor,28.15623,-16.63592
561,Vergel,38.84709,0.01034
562,Vélez Blanco,37.77008,-2.09012
563,Valldemossa,39.71042,2.6223
564,Valencia de Alcántara,39.41148,-7.24435
565,Valdepeñas,38.76211,-3.38483
566,Umbrete,37.36881,-6.15847
567,Ubrique,36.67777,-5.446
568,Turre,37.15224,-1.89497
569,Tuineje,28.32372,-14.04722
570,Tuéjar,39.76667,-1.03333
571,Trujillo,39.45786,-5.88203
572,Trigueros,37.38606,-6.8268
573,Trebujena,36.87075,-6.17586
574,Totana,37.7688,-1.50229
575,Torrox,36.75793,-3.95233
576,Torrijos,39.98195,-4.28349
577,Torrenueva,38.6396,-3.36259
578,Torrejoncillo,39.89675,-6.46712
579,Torredonjimeno,37.76748,-3.95776
580,Torre del Campo,37.77051,-3.89731
581,Torre de la Horadada,37.8697,-0.7584
582,Torralba de Calatrava,39.06791,-3.77961
583,Tolox,36.68721,-4.90511
584,Tinajo,29.06326,-13.67647
585,Tíjola,37.39172,-2.48873
586,Tijarafe,28.7,-17.95
587,Tibi,38.53072,-0.57776
588,Teulada,38.7294,0.10383
589,Tembleque,39.69541,-3.50429
590,Tejeda,27.9696,-15.66261
591,Teguise,29.06049,-13.56397
592,Teba,36.98358,-4.91913
593,Tazacorte,28.64186,-17.93394
594,Talayuela,39.99374,-5.6075
595,Talavera la Real,38.85722,-6.72675
596,Tavernes de la Valldigna,39.07195,-0.26623
597,Tavernes Blanques,39.5,-0.36667
598,Sueca,39.2026,-0.31114
599,Sorbas,37.09761,-2.12349
600,Son Servera,39.62073,3.36008
601,Sonseca,39.6536,-3.98517
602,Soneja,39.81667,-0.41667
603,Socuéllamos,39.28581,-2.79205
604,Silla,39.36257,-0.41169
605,Sierra de Fuentes,39.4383,-6.26329
606,ses Salines,39.33831,3.05274
607,Segura de la Sierra,38.25309,-2.65861
608,Segorbe,39.85,-0.48333
609,Sayalonga,36.79819,-4.01325
610,Sauzal,28.46667,-16.41667
611,Santiago de la Ribera,37.79681,-0.80544
612,Santanyí,39.35461,3.12907
613,Santa Margalida,39.70143,3.10215
614,Santa Eugènia,39.62361,2.83864
615,Santa Cruz de la Zarza,39.98104,-3.18787
616,San Roque,36.21067,-5.38415
617,San Pedro del Pinatar,37.83568,-0.79102
618,San Miguel de Abona,28.09712,-16.61785
619,San Juan de la Rambla,28.37205,-16.62914
620,San Juan de Aznalfarache,37.35813,-6.03731
621,San José,38.92055,1.29364
622,San Javier,37.80626,-0.83736
623,San Isidro,38.17249,-0.83874
624,Sangonera la Verde,37.92862,-1.20794
625,Sant Francesc de Formentera,38.70566,1.42893
626,Sencelles,39.64598,2.89769
627,Sant Carles de Peralta,39.03454,1.56527
628,San Bartolomé,29.00093,-13.613
629,Salobreña,36.74277,-3.58717
630,Santa Cruz,28.46824,-16.25462
631,Sabiote,38.10397,-3.2559
632,Rute,37.3269,-4.36827
633,Rotglá y Corbera,39.00465,-0.56482
634,Rosalejo,39.98347,-5.44994
635,Rojales,38.08799,-0.72544
636,Ríolobos,39.92074,-6.30397
637,Ríogordo,36.91727,-4.29318
638,Ribera Baja,42.72319,-2.89734
639,Ribarroja del Turia,39.54595,-0.57069
640,Retuerta de Bullaque,39.46363,-4.41363
641,Redován,38.11619,-0.90981
642,Realejo Alto,28.37645,-16.58575
643,Rafal,38.10458,-0.84904
644,Quintanar de la Orden,39.59369,-3.04165
645,Quesada,37.74558,-3.14617
646,Quéntar,37.22757,-3.41724
647,Puçol,39.61667,-0.3
648,Purchena,37.34744,-2.3608
649,Punta de Mujeres,29.1466,-13.44761
650,Puigpunyent,39.62514,2.52759
651,Puerto Serrano,36.973,-5.46883
652,Port d'Andratx,39.54429,2.38935
653,"Pobla Llarga, la",39.0813,-0.47197
654,"Pobla de Vallbona, la",39.59419,-0.54474
655,Puebla de Guzmán,37.64161,-7.3315
656,Puebla de Alcocer,39.07381,-5.09052
657,Prado del Rey,36.78756,-5.55589
658,Pozuelo de Calatrava,38.88515,-3.84819
659,Pozoblanco,38.37906,-4.84827
660,Portopetro,39.36183,3.20836
661,Porto Cristo,39.53953,3.33302
662,Portocolom,39.41589,3.25697
663,Pollença,39.87678,3.01626
664,Polinyà de Xúquer,39.2,-0.36667
665,Polán,39.78765,-4.16792
666,Playa Blanca,28.86426,-13.82814
667,Pinos Puente,37.25109,-3.74967
668,Piñar,37.44457,-3.43861
669,Picassent,39.3635,-0.45949
670,Picanya,39.43333,-0.43333
671,Punta Umbría,37.18213,-6.96605
672,Cala Rajada,39.71174,3.4631
673,Cala Millor,39.60496,3.38671
674,Cabra del Santo Cristo,37.70379,-3.28765
675,Cabeza del Buey,38.72227,-5.21946
676,Busot,38.48206,-0.41918
677,Burjassot,39.50984,-0.41327
678,Bunyola,39.69634,2.69955
679,Búger,39.75809,2.98349
680,Bufali,38.86775,-0.51617
681,Buenavista del Norte,28.37458,-16.86098
682,Brozas,39.53885,-6.76718
683,Brenes,37.54944,-5.87139
684,Bornos,36.84274,-5.71145
685,Bormujos,37.37358,-6.07233
686,Bollullos Par del Condado,37.33316,-6.54478
687,Bolbaite,39.0534,-0.76108
688,Bolaños de Calatrava,38.9069,-3.66345
689,Bogarra,38.58349,-2.23443
690,Bodonal de la Sierra,38.17497,-6.48378
691,Binissalem,39.68744,2.84396
692,Bienvenida,38.3,-6.2
693,Biar,38.63117,-0.76458
694,Bétera,39.59111,-0.46151
695,Benitachell,38.71303,0.15465
696,Benimodo,39.19606,-0.55052
697,Benimamet,39.5,-0.41667
698,Benigànim,38.95357,-0.44535
699,Benifaió,39.28439,-0.42598
700,Beniel,38.03257,-0.99502
701,Beniarrés,38.82019,-0.37741
702,Benferri,38.14129,-0.96212
703,Benetússer,39.42265,-0.39686
704,Benaguasil,39.6,-0.58333
705,Benagéber,39.71667,-1.1
706,Belvis de la Jara,39.76893,-4.94002
707,Bélmez,38.26667,-5.2
708,Belalcázar,38.57566,-5.16653
709,Beas de Segura,38.2524,-2.88875
710,Beas,37.4257,-6.79318
711,Baza,37.49073,-2.77259
712,Baños de la Encina,38.28885,-3.76165
713,Bailén,38.09639,-3.77786
714,Baeza,37.99384,-3.47103
715,Baena,37.6167,-4.32245
716,Azuaga,38.26667,-5.68333
717,Aznalcázar,37.15143,-6.26903
718,Ayora,39.03258,-0.99506
719,Ayna,38.55,-2.08333
720,Atarfe,37.22479,-3.68686
721,Artenara,28.02055,-15.64693
722,Artà,39.69315,3.34979
723,Arroyo de la Miel,36.60326,-4.54242
724,Arroyo de la Luz,39.48511,-6.58401
725,Armilla,37.14386,-3.62534
726,Arjona,37.93493,-4.05478
727,Arico el Nuevo,28.17705,-16.48296
728,Argés,39.80747,-4.0784
729,Argamasilla de Alba,39.03599,-2.99163
730,Archidona,37.09654,-4.38869
731,Arafo,28.33971,-16.42244
732,Aracena,37.89396,-6.56116
733,Antas,37.25959,-1.96846
734,Añora,38.4111,-4.90128
735,Andratx,39.57553,2.42017
736,Altea,38.59885,-0.05139
737,"Alqueria de la Comtessa, l'",38.93748,-0.153
738,Almendricos,37.47256,-1.77468
739,Almendral,38.61418,-6.82097
740,Almedinilla,37.43902,-4.09052
741,Almadén,38.77541,-4.83156
742,Aljaraque,37.26989,-7.02313
743,Alía,39.44803,-5.21754
744,Alhaurín el Grande,36.643,-4.68728
745,Alhama de Granada,37.00689,-3.98963
746,Alhama de Almería,36.95692,-2.56861
747,Algueña,38.33905,-1.00433
748,Algorfa,38.08636,-0.79646
749,Alginet,39.26667,-0.46667
750,Algaida,39.55899,2.89541
751,Alfarp,39.28333,-0.55
752,Alfafar,39.41667,-0.38333
753,Aledo,37.78465,-1.63443
754,"Alcúdia, l'",39.19281,-0.52396
755,Alcaracejos,38.38333,-4.96667
756,Alcantarilla,37.96939,-1.21714
757,Alcántara,39.71895,-6.88375
758,Alcalalí,38.75038,-0.04013
759,Alcalá la Real,37.4614,-3.92301
760,Alcalá del Valle,36.90448,-5.1724
761,Alcalá de los Gazules,36.46212,-5.72382
762,Alcàsser,39.37798,-0.4471
763,Albox,37.38856,-2.14949
764,Alberic,39.11667,-0.51667
765,Albatera,38.17902,-0.87059
766,Albalat de la Ribera,39.2,-0.38333
767,Albal,39.4,-0.41667
768,Alaró,39.70441,2.79181
769,Alajeró,28.04992,-17.24586
770,Agulo,28.18778,-17.19678
771,Aguadulce,37.25273,-4.99269
772,Agres,38.78333,-0.51667
773,Agost,38.44003,-0.63836
774,adra,36.76592,-3.0547
775,Alcalá del Río,37.5178,-5.98185
776,Abanilla,38.20537,-1.04153
777,Hoya Hermosa,38.25,-1.15
778,Hornachos,38.55428,-6.06829
779,Hondón de los Frailes,38.2739,-0.92938
780,Hondón de las Nieves,38.30844,-0.8533
781,Hinojos,37.20859,-6.40368
782,Higuera la Real,38.14088,-6.68922
783,Herrera del Duque,39.1684,-5.05049
784,Herrera,37.36396,-4.84979
785,Güimar,28.31122,-16.41276
786,Guillena,37.54262,-6.05626
787,Güéjar-Sierra,37.15994,-3.43863
788,Guareña,38.89194,-6.13519
789,Guardamar del Segura,38.09031,-0.65556
790,Guadamur,39.81178,-4.14885
791,Guadalupe,39.4508,-5.32588
792,Grazalema,36.76018,-5.36839
793,Gran Tarajal,28.21131,-14.02122
794,Godella,39.53333,-0.41667
795,Gines,37.38705,-6.0777
796,Gayanes,38.8164,-0.40881
797,Garrovillas,39.71082,-6.55034
798,Garafía,28.81667,-17.93333
799,Garachico,28.37365,-16.76342
800,Galisteo,39.97642,-6.26782
801,Fuente Palmera,37.70494,-5.09965
802,"Font de la Figuera, la",38.82574,-0.89273
803,Fuente el Fresno,39.25044,-3.85437
804,Fuencaliente de la Palma,28.49329,-17.85013
805,fuencaliente,28.49236,-17.84529
806,Fregenal de la Sierra,38.21585,-6.55239
807,Formentera de Segura,38.08509,-0.74604
808,Finestrat,38.56737,-0.21235
809,Fernán-Núñez,37.67044,-4.7264
810,Feria,38.51151,-6.56416
811,Felanitx,39.4696,3.14831
812,Faura,39.72817,-0.25875
813,Fasnia,28.23638,-16.43886
814,Estepa,37.29263,-4.87896
815,Estación de Los Valles,39.71667,-0.23333
816,Esporles,39.66794,2.57867
817,Espartinas,37.38154,-6.12578
818,Esparragosa de Lares,38.97517,-5.26968
819,Enguera,38.97974,-0.68683
820,"Viso del Alcor, El",37.38827,-5.71455
821,El Viso,38.48333,-4.95
822,El Toro,39.48477,2.48222
823,El Toboso,39.51333,-2.99726
824,El Tablero,28.42132,-16.32217
825,"Saucejo, El",37.0787,-5.09638
826,"Rubio, El",37.34261,-5.00582
827,"Ronquillo, El",37.74333,-6.17136
828,El Rompido,37.21773,-7.12206
829,El Robledo,39.20598,-4.28938
830,El Raal,38.03333,-1.01667
831,El Puente del Arzobispo,39.80174,-5.17178
832,"Provencio, El",39.38639,-2.58071
833,Port de Sóller,39.79759,2.69637
834,El Pedernoso,39.4858,-2.74642
835,El Grao,39.97358,0.01284
836,El Grao,39.97358,0.01284
837,El Gastor,36.85478,-5.32334
838,"Coronil, El",37.01432,-5.61367
839,El Cerro de Andévalo,37.73537,-6.93692
840,El Castillo de las Guardas,37.69314,-6.31503
841,"Casar, El",40.73418,-3.41777
842,El Carpio de Tajo,39.88796,-4.45388
843,"Carpio, El",37.94567,-4.49432
844,El Bosque,36.74514,-5.51048
845,El Bonillo,38.95048,-2.54048
846,s'Arenal,39.5,2.75
847,El Arahal,37.26273,-5.5453
848,El Altet,38.27299,-0.5397
849,Dalías,36.85347,-2.82607
850,Daimiel,39.07004,-3.61498
851,Cullera,39.16667,-0.25
852,Quartell,39.72146,-0.21368
853,Quart de Poblet,39.48139,-0.43937
854,Quart de les Valls,39.74976,-0.28456
855,Corvera,43.53554,-5.88893
856,Cortes de la Frontera,36.6171,-5.34266
857,Cordobilla de Lácara,39.14763,-6.43619
858,Consuegra,39.46246,-3.608
859,Constantina,37.86667,-5.61667
860,Consell,39.66861,2.81267
861,Colònia de Sant Jordi,39.3181,2.99197
862,Coín,36.65947,-4.75639
863,Churriana de la Vega,37.14499,-3.64617
864,Chiva,39.46667,-0.71667
865,Chilches,39.78238,-0.18742
866,Cheste,39.48333,-0.68333
867,Chelva,39.7493,-0.99684
868,Ceuti,38.08579,-1.27412
869,Cazorla,37.91495,-3.00342
870,Caudete,38.70679,-0.98723
871,Catarroja,39.4,-0.4
872,Castuera,38.78915,-5.46891
873,Castro del Río,37.69125,-4.48058
874,Castilleja de la Cuesta,37.38594,-6.05258
875,Castell de Ferro,36.72569,-3.355
876,Castañar de Ibor,39.68103,-5.42836
877,Castalla,38.59694,-0.67207
878,Casatejada,39.93859,-5.6761
879,Casasimarro,39.36667,-2.03333
880,Casas-Ibáñez,39.3332,-1.44083
881,Casariche,37.29389,-4.75972
882,Casares,36.44689,-5.2858
883,Casar de Cáceres,39.58011,-6.46187
884,Cartaya,37.28114,-7.15071
885,Cártama,36.71068,-4.63297
886,Carlet,39.2266,-0.52142
887,Carcaixent,39.1218,-0.44812
888,Carboneras,36.99666,-1.89651
889,Capdepera,39.70237,3.43532
890,Can Picafort,39.76567,3.15488
891,Canillas de Aceituno,36.87303,-4.08254
892,Caniles,37.40451,-2.65469
893,Cañete la Real,36.95154,-5.0244
894,Cañamero,39.37995,-5.38857
895,Canals,38.96251,-0.58443
896,Camuñas,39.381,-3.49072
897,Campos,39.43099,3.01935
898,Camporrobles,39.65,-1.4
899,Campo de Criptana,39.40463,-3.12492
900,Campillo de Arenas,37.59119,-3.66595
901,Campanet,39.7747,2.96506
902,Campanario,38.8644,-5.61744
903,Calonge,41.85869,3.07926
904,Callosa de Segura,38.12497,-0.87822
905,Petra,39.61351,3.11312
906,Peñarroya-Pueblonuevo,38.3,-5.26667
907,Peñalsordo,38.82019,-5.11405
908,Peligros,37.23231,-3.62901
909,Pedrera,37.22604,-4.8942
910,Peal de Becerro,37.8949,-3.15766
911,Paterna de Rivera,36.52246,-5.86578
912,Paterna del Campo,37.48275,-6.48585
913,Palomares,37.32225,-6.05863
914,Pájara,28.35039,-14.1076
915,Paiporta,39.42814,-0.41765
916,Otívar,36.8423,-3.73063
917,Osuna,37.2376,-5.10311
918,Órzola,29.22095,-13.45201
919,Orgaz,39.64826,-3.87577
920,Orellana la Vieja,39.00617,-5.53441
921,Orcheta,38.56397,-0.26299
922,Ontinyent,38.82191,-0.60603
923,Onil,38.62606,-0.67313
924,Olvera,36.93418,-5.26678
925,Olula del Río,37.383,-2.30667
926,Olivares,37.41802,-6.15603
927,Oliva de Mérida,38.79051,-6.12402
928,Oliva de la Frontera,38.27595,-6.91873
929,Oliva,38.91971,-0.11935
930,Ogíjares,37.11913,-3.60772
931,Novelda,38.38479,-0.76773
932,Níjar,36.96655,-2.20595
933,Niebla,37.36213,-6.67894
934,Navalvillar de Pela,39.09436,-5.4681
935,Navalmoral de la Mata,39.89158,-5.54064
936,Munera,39.08589,-2.43347
937,Mula,38.04095,-1.49014
938,Mutxamel,38.42593,-0.45693
939,Moscari,39.76482,2.93627
940,Morro del Jable,28.04986,-14.35244
941,Moraira,38.68866,0.13484
942,Moratalla,38.18928,-1.89183
943,Montuïri,39.56742,2.98189
944,Montoro,38.12623,-4.35262
945,Montijo,38.90839,-6.61785
946,Montemolín,38.12954,-6.16685
947,Montejicar,37.5577,-3.5111
948,Montefrío,37.32308,-4.00898
949,Monserrat,39.34963,-0.59021
950,Monda,36.63027,-4.83192
951,Moncofa,39.79759,-0.14863
952,Moncada,39.54555,-0.39551
953,Mogente,38.87598,-0.7515
954,Mogán,27.88385,-15.72538
955,Mira,39.71667,-1.43333
956,Minglanilla,39.53333,-1.6
957,Miajadas,39.15127,-5.90841
958,Mengibar,37.97014,-3.79645
959,Menasalbas,39.62433,-4.36526
960,Membrilla,38.90309,-3.32848
961,Meliana,39.53333,-0.33333
962,Mazagón,37.13749,-6.82697
963,Massamagrell,39.56667,-0.33333
964,Martos,37.72107,-3.97264
965,Marmolejo,38.04549,-4.17029
966,Marines,39.72385,-0.54964
967,Maria de la Salut,39.66306,3.073
968,Marchena,37.329,-5.41681
969,Maracena,37.20764,-3.63493
970,Manzanares,38.99915,-3.36991
971,Manises,39.49139,-0.46349
972,Manilva,36.37645,-5.25026
973,Mancha Real,37.78627,-3.61226
974,Malagón,39.16668,-3.85419
975,Mairena del Alcor,37.37301,-5.74951
976,Madridejos,39.46823,-3.53196
977,Mácher,28.9484,-13.69117
978,Macael,37.33318,-2.30087
979,Luque,37.55982,-4.27025
980,Lucena del Puerto,37.24614,-6.74066
981,"Yébenes, Los",39.47215,-3.91658
982,Los Sauces,28.80294,-17.77614
983,"Santos de Maimona, Los",38.44929,-6.37344
984,Los Navalucillos,39.66665,-4.64205
985,"Navalmorales, Los",39.70631,-4.61443
986,"Molares, Los",37.15996,-5.69152
987,Los Hinojosos,39.60417,-2.82572
988,Los Dolores,38.1518,-0.83081
989,Los Cristianos,28.05011,-16.72008
990,Los Corrales,43.26358,-4.07262
991,Los Camachos,37.78687,-0.91754
992,"Alcázares, Los",37.7521,-0.85073
993,Loriguilla,39.64124,-0.97495
994,Lora del Río,37.65896,-5.52751
995,Lo Pagán,37.81761,-0.78832
996,Lomo de Arico,28.16667,-16.48333
997,Loja,37.16887,-4.15129
998,Logrosán,39.33641,-5.49281
999,Llubí,39.69933,3.00681
